IN_DOC;Nom_doc;REF_CONTRAT;NB_CORRESPONDANCE_IN_DB;IN_DB;POLEDI;
True;CONTRATS_20241107_001629_32.pdf;10955CD000;0;False;
True;CONTRATS_20241107_001628_21.pdf;00161CD000;0;False;
True;CONTRATS_20241107_001628_26.pdf;00275C:D000;0;False;
True;CONTRATS_20241107_001630_8.pdf;11823CD000;0;False;
True;CONTRATS_20241107_001628_27.pdf;00278CD000;0;False;
True;CONTRATS_20241107_001630_40.pdf;43473CE000;0;False;
True;CONTRATS_20241107_001628_42.pdf;00644CD000;0;False;
True;CONTRATS_20241107_001629_12.pdf;00240.A000;0;False;
True;CONTRATS_20241107_001628_22.pdf;00165CD000;0;False;
True;CONTRATS_20241107_001628_31.pdf;00513CD000;0;False;
True;20241113081405174.pdf;10134CD000;0;False;
True;CONTRATS_20241107_001630_34.pdf;00240.A000;0;False;
True;CONTRATS_20241107_001629_13.pdf;10354CD000;0;False;
True;CONTRATS_20241107_001629_4.pdf;10066CD000;0;False;
True;CORRES_ASSURES_20241106_001615_24_1_1__pages_2.pdf;00240.A000;0;False;
True;20241113081039637.pdf;00492C D000;0;False;
True;CONTRATS_20241107_001630_45.pdf;53151CE000;0;False;
True;CONTRATS_20241107_001628_40.pdf;00611CD000;0;False;
True;CONTRATS_20241107_001628_23.pdf;00176CD000;0;False;
True;CONTRATS_20241107_001628_9.pdf;11519CD000;0;False;
True;20241113081706439.pdf;10159C D000;0;False;
True;CONTRATS_20241107_001629_44.pdf;11313CD000;0;False;
True;CONTRATS_20241107_001629_58.pdf;00240.A000;0;False;
True;CORRES_ASSURES_20241106_001615_21_1_1__pages_2.pdf;00240.A000;0;False;
^BTrue;CONTRATS_20241107_001628_45.pdf;03597CE000;0;False;
True;CONTRATS_20241107_001630_49.pdf;59619CA000;0;False;
True;CONTRATS_20241107_001627_2.pdf;193896/000;0;False;
True;CONTRATS_20241107_001630_35.pdf;35056CE000;0;False;
True;CONTRATS_20241107_001630_21.pdf;12350CD000;0;False;
True;CONTRATS_20241107_001630_10.pdf;00240,A000;0;False;
True;CONTRATS_20241107_001628_29.pdf;00449C:D000;0;False;
True;CONTRATS_20241107_001628_47.pdf;08485CE000;0;False;
True;CONTRATS_20241107_001630_36.pdf;36412CE000;0;False;
True;CONTRATS_20241107_001630_3.pdf;11775CD000;0;False;
True;CONTRATS_20241107_001630_33.pdf;29637C A000;0;False;
True;CONTRATS_20241107_001629_31.pdf;00240.A000;0;False;
True;20241113081906089.pdf;10506CD000;0;False;
True;CONTRATS_20241107_001629_3.pdf;10061CD000;0;False;
True;CONTRATS_20241107_001630_2.pdf;11763CD000;0;False;
True;AVT_GOLDEN_DOVE_DIFFUSION_50019314.pdf;00184CD000;0;False;
True;CONTRATS_20241107_001630_22.pdf;12351CD000;0;False;
True;CONTRATS_20241107_001628_2.pdf;00240. A000;0;False;
True;CONTRATS_20241107_001629_61.pdf;11527CD000;0;False;
True;CONTRATS_20241107_001629_52.pdf;0240.A000;0;False;
True;CONTRATS_20241107_001630_43.pdf;49373CE000;0;False;
True;20241113081214847.pdf;00577C D000;0;False;
True;CONTRATS_20241107_001629_70.pdf;11732CD000;0;False;
True;CONTRATS_20241107_001629_64.pdf;2620-2bd-o9s00000;0;False;
True;CONTRATS_20241107_001629_54.pdf;11369CD000;0;False;
True;CONTRATS_20241107_001628_7.pdf;00140CD000;0;False;
True;CONTRATS_20241107_001630_42.pdf;00240_ A000;0;False;
True;CONTRATS_20241107_001630_39.pdf;40863CA000;0;False;
True;CONTRATS_20241107_001629_22.pdf;10663CD000;0;False;
True;CONTRATS_20241107_001630_32_Partie1.pdf;22287CE000;0;False;
True;CONTRATS_20241107_001629_5.pdf;10114CD000;0;False;
True;CONTRATS_20241107_001628_25.pdf;00268CD000;0;False;
True;CONTRATS_20241107_001630_38.pdf;40036CE000;0;False;
True;CONTRATS_20241107_001630_37.pdf;40025CE000;0;False;
True;CONTRATS_20241107_001629_43.pdf;11301C D000;0;False;
True;CONTRATS_20241107_001627_3.pdf;00240, A000;0;False;
True;CONTRATS_20241107_001629_67.pdf;11671CD000;0;False;
True;CONTRATS_20241107_001629_7.pdf;10148CD000;0;False;
True;CONTRATS_20241107_001630_31.pdf;18246CE000;0;False;
True;CONTRATS_20241107_001629_14.pdf;10474CD000;0;False;
True;CONTRATS_20241107_001628_1.pdf;11910CD000;0;False;
True;CONTRATS_20241107_001628_41.pdf;00643CD000;0;False;
True;CONTRATS_20241107_001629_1.pdf;10028CD000;0;False;
True;CONTRATS_20241107_001629_33.pdf;11024CD000;0;False;
True;CONTRATS_20241107_001630_48.pdf;54823CA000;0;False;
True;CONTRATS_20241107_001628_50.pdf;10028CD000;0;False;
True;CONTRATS_20241107_001629_11.pdf;10200CD000;0;False;
True;CONTRATS_20241107_001629_36.pdf;11068CD000;0;False;
True;CONTRATS_20241107_001628_3.pdf;00240.A000;0;False;
True;AVT_BB_REFLET_IMAGE_5025012.pdf;00214C D000;0;False;
True;CONTRATS_20241107_001629_17.pdf;10570CD000;0;False;
True;CONTRATS_20241107_001630_32_Partie2.pdf;28947CA000;0;False;
True;CONTRATS_20241107_001629_45.pdf;11322CD000;0;False;
True;CONTRATS_20241107_001628_35.pdf;00531CD000;0;False;
True;CONTRATS_20241107_001629_50.pdf;11336CD000;0;False;
True;CONTRATS_20241107_001629_26.pdf;10796CD000;0;False;
True;CONTRATS_20241107_001628_43.pdf;00647CD000;0;False;
True;CONTRATS_20241107_001630_15.pdf;12026CD000;0;False;
True;CONTRATS_20241107_001629_41.pdf;11293CD000;0;False;
True;CONTRATS_20241107_001627_4.pdf;472875/000;0;False;
True;CONTRATS_20241107_001629_51.pdf;11337CD000;0;False;
True;CONTRATS_20241107_001630_46.pdf;53712CA000;0;False;
True;CONTRATS_20241107_001628_39.pdf;00594CD000;0;False;
True;CONTRATS_20241107_001628_28.pdf;00240. A000;0;False;
True;CONTRATS_20241107_001630_29.pdf;12806CD000;0;False;
True;CONTRATS_20241107_001629_59.pdf;00240.A000;0;False;
True;CONTRATS_20241107_001629_35.pdf;11035CD000;0;False;
True;CONTRATS_20241107_001628_30.pdf;00488C D000;0;False;
True;CONTRATS_20241107_001630_30.pdf;18243CE000;0;False;
True;CONTRATS_20241107_001630_7.pdf;11809CD000;0;False;
True;CONTRATS_20241107_001630_9.pdf;11824CD000;0;False;
True;CONTRATS_20241107_001629_65.pdf;14608CD000;0;False;
True;CONTRATS_20241107_001628_24.pdf;00219CD000;0;False;
True;CONTRATS_20241107_001629_30.pdf;10856CD000;0;False;
True;CONTRATS_20241107_001628_44.pdf;00652CD000;0;False;
True;CONTRATS_20241107_001630_41.pdf;44569CE000;0;False;
True;CONTRATS_20241107_001628_48.pdf;08488CE000;0;False;
True;CONTRATS_20241107_001629_18.pdf;10582CD000;0;False;
True;CONTRATS_20241107_001630_28.pdf;12783CD000;0;False;
True;CONTRATS_20241107_001629_60.pdf;11514CD000;0;False;
True;CONTRATS_20241107_001629_24.pdf;08900000;0;False;
True;CONTRATS_20241107_001629_8.pdf;00240.A000;0;False;
True;CONTRATS_20241107_001629_15.pdf;10562CD000;0;False;
True;CONTRATS_20241107_001630_1.pdf;11750CD000;0;False;
True;CONTRATS_20241107_001628_49.pdf;00240, A000;0;False;
True;CONTRATS_20241107_001629_21.pdf;10651CD000;0;False;
True;CONTRATS_20241107_001629_63.pdf;11544CD000;0;False;
True;CONTRATS_20241107_001630_14.pdf;11958CD000;0;False;
True;CONTRATS_20241107_001628_34.pdf;00530C_ D000;0;False;
True;CONTRATS_20241107_001630_26.pdf;12460CD000;0;False;
True;CONTRATS_20241107_001629_25.pdf;10795CD000;0;False;
True;CONTRATS_20241107_001629_66.pdf;11624CD000;0;False;
True;CONTRATS_20241107_001629_62.pdf;11543CD000;0;False;
True;CONTRATS_20241107_001630_19.pdf;12179CD000;0;False;
True;CONTRATS_20241107_001630_5.pdf;11798CD000;0;False;
True;CONTRATS_20241107_001629_42.pdf;11295CD000;0;False;
True;CONTRATS_20241107_001629_38.pdf;11088CD000;0;False;
True;CONTRATS_20241107_001628_6.pdf;12543CD000;0;False;
True;CORRES_ASSURES_20241106_001615_21_1_1__pages_1.pdf;00240.A000;0;False;
True;CONTRATS_20241107_001629_27.pdf;10834C D000;0;False;
True;AVT_3.0_STUDIO_5030596.pdf;00233CD000;0;False;
True;20241113082028744.pdf;11275CD000;0;False;
True;CONTRATS_20241107_001630_4.pdf;11777CD000;0;False;
True;CONTRATS_20241107_001630_47.pdf;54411CA000;0;False;
True;CONTRATS_20241107_001629_19.pdf;10613CD000;0;False;
True;CONTRATS_20241107_001630_18.pdf;12164CD000;0;False;
True;CONTRATS_20241107_001629_34.pdf;11033CD000;0;False;
True;CONTRATS_20241107_001630_44.pdf;00240_A000;0;False;
True;CONTRATS_20241107_001629_2.pdf;10060CD000;0;False;
True;CONTRATS_20241107_001629_20.pdf;10629CD000;0;False;
True;CONTRATS_20241107_001628_15.pdf;00638CD000;0;False;
True;CONTRATS_20241107_001628_46.pdf;07845CA000;0;False;
True;CONTRATS_20241107_001628_33.pdf;00528CD000;0;False;
True;CONTRATS_20241107_001628_20.pdf;00035CD000;0;False;
True;CONTRATS_20241107_001629_40.pdf;11131CD000;0;False;
True;CONTRATS_20241107_001628_8.pdf;11395CD000;0;False;
True;CORRES_ASSURES_20241106_001615_24_1_1__pages_1.pdf;00240.A000;0;False;
True;CONTRATS_20241107_001628_19.pdf;10133CD000;0;False;
True;CONTRATS_20241107_001629_46.pdf;11329C D000;0;False;
True;CONTRATS_20241107_001629_29.pdf;10841CD000;0;False;
True;CONTRATS_20241107_001628_18.pdf;10132CD000;0;False;
True;CONTRATS_20241107_001628_12.pdf;00491CD000;0;False;
True;CONTRATS_20241107_001629_28.pdf;10835CD000;0;False;
True;CONTRATS_20241107_001628_5.pdf;12461CD000;0;False;
True;CONTRATS_20241107_001628_38.pdf;00593CD000;0;False;
True;CONTRATS_20241107_001629_69.pdf;11682CD000;0;False;
True;CONTRATS_20241107_001629_48.pdf;11332CD000;0;False;
True;CONTRATS_20241107_001629_68.pdf;11681CD000;0;False;
True;CONTRATS_20241107_001630_16.pdf;12042CD000;0;False;
True;CONTRATS_20241107_001630_25.pdf;12459CD000;0;False;
True;20241113081527362.pdf;10135CD000;0;False;
True;CONTRATS_20241107_001629_53.pdf;11367CD000;0;False;
True;CONTRATS_20241107_001630_12.pdf;11905CD000;0;False;
True;CONTRATS_20241107_001628_16.pdf;00658CD000;0;False;
True;CONTRATS_20241107_001628_13.pdf;00581CD000;0;False;
True;CONTRATS_20241107_001629_47.pdf;11331CD000;0;False;
True;CONTRATS_20241107_001628_4.pdf;00240,A000;0;False;
True;CONTRATS_20241107_001629_6.pdf;10147CD000;0;False;
True;CONTRATS_20241107_001627_1.pdf;00641DP000;0;False;
True;CONTRATS_20241107_001628_10.pdf;00240.A000;0;False;
True;CONTRATS_20241107_001628_14.pdf;00633CD000;0;False;
True;CONTRATS_20241107_001629_9.pdf;10175CD000;0;False;
True;CONTRATS_20241107_001629_49.pdf;11333CD000;0;False;
True;CONTRATS_20241107_001630_27.pdf;12611CD000;0;False;
True;CONTRATS_20241107_001629_23.pdf;10739CD000;0;False;
True;CONTRATS_20241107_001628_17.pdf;00659CD000;0;False;
True;CONTRATS_20241107_001628_11.pdf;00458CB000;0;False;
True;CONTRATS_20241107_001629_16.pdf;10569CD000;0;False;
True;CONTRATS_20241107_001628_36.pdf;00552CD000;0;False;
True;CONTRATS_20241107_001628_32.pdf;00519CD000;0;False;
True;CONTRATS_20241107_001629_55.pdf;11391C D000;0;False;
True;CONTRATS_20241107_001630_6.pdf;0240. A000;0;False;
True;CONTRATS_20241107_001629_10.pdf;00240.A000;0;False;
True;CONTRATS_20241107_001629_37.pdf;11071C D000;0;False;
True;CONTRATS_20241107_001629_39.pdf;11111CD000;0;False;
True;CONTRATS_20241107_001628_37.pdf;00554CD000;0;False;
True;CONTRATS_20241107_001630_11.pdf;11883CD000;0;False;
True;CONTRATS_20241107_001630_24.pdf;12374CD000;0;False;
True;CONTRATS_20241107_001630_17.pdf;12112CD000;0;False;
True;CONTRATS_20241107_001630_20.pdf;12182CD000;0;False;
True;CONTRATS_20241107_001629_57.pdf;11409CD000;0;False;
True;CONTRATS_20241107_001630_23.pdf;12366CD000;0;False;
True;CONTRATS_20241107_001630_13.pdf;11914CD000;0;False;
True;CONTRATS_20241107_001629_56.pdf;11408CD000;0;False;
True;Lettre_avenant_2025_ARPEGE_GOA2276_20241024.pdf;15746/115;0;False;
True;Lettre_avenant_2025_ROEDERER_GOA2272_20241029.pdf;15831;0;False;
True;Lettre_avenant_2025_AAS_de_Cellulose_Strasbourg_Sracel_GOA2015_20241024.pdf;20634;0;False;
True;Lettre_avenant_2025_IRIAL_20241030.pdf;15519;31;True;1551900102
True;Lettre_avenant_2025_GOA2279_20241029.pdf;15646;0;False;
True;Lettre_avenant_2025_ARPEGE_GOA2277_20241024.pdf;15746;14;True;1574600000
True;Lettre_avenant_2025_STAM_20241030.pdf;17100;40;True;1710000148